,Tc=512 Tg=512 cache_length=0,Tc=512 Tg=512 cache_length=128.0,Tc=512 Tg=512 cache_length=256.0,Tc=512 Tg=512 cache_length=384.0,Tc=512 Tg=512 cache_length=512,Tc=256 Tg=256 cache_length=0,Tc=256 Tg=256 cache_length=64.0,Tc=256 Tg=256 cache_length=128.0,Tc=256 Tg=256 cache_length=192.0,Tc=256 Tg=256 cache_length=256,Tc=128 Tg=128 cache_length=0,Tc=128 Tg=128 cache_length=32.0,Tc=128 Tg=128 cache_length=64.0,Tc=128 Tg=128 cache_length=96.0,Tc=128 Tg=128 cache_length=128
runtime_mean(ms),18248.1650390625,16087.625366210938,13139.727172851562,9541.919555664062,4884.290283203125,3832.1307983398438,3329.60107421875,2697.805419921875,1934.2320404052734,1038.0728759765625,972.4498901367188,855.0058441162109,696.6257247924805,506.98218154907227,301.78143310546875
runtime_std(ms),78.096962003685,3.748684205240727,5.054463823784961,6.910857582837665,0.5598994646767839,3.5113490268604175,3.4789299736867405,2.6491018491673093,1.9816917084218983,0.4184289965146581,2.7995304769057276,1.9817673722598577,1.9700084331021663,0.4359079157255079,0.5537380972093203
mem_mean(MB),1510.488739,2867.534804,4224.5762,5581.609706,6938.647141,774.653754,1301.829806,1829.005984,2356.168558,2883.535736,472.809928,698.452168,923.944668,1149.580964,1375.322908
mem_std(MB),294.35298708137907,294.3645286953566,294.37133403238033,294.3591716386047,294.3545201782623,114.39149251173907,114.38865029092545,114.40418306505882,114.41624603387753,114.42194968985501,49.008402077535074,49.00460422903497,49.08789984864604,49.03270265656993,49.118146264385025
t1_mean(s),10344.206524848938,8764.679517894983,6737.853963539004,4397.453405573964,1478.9740287810564,2546.661497294903,2121.503351636231,1602.2626730799675,1005.3570790216327,316.956403888762,674.7507879137993,571.5686358958483,430.3190879970789,265.2493360489607,86.17279206216335
t2_mean(s),3201.099326789379,2891.7972231432796,2412.605787359178,1768.3319639787078,894.4794749394059,490.8842671737075,440.77910800278187,379.3214323371649,284.1880601197481,173.23788003996015,90.68826413527131,80.01842789538205,68.11761599220335,53.28747205063701,38.43875599838793
t3_mean(s),4149.8224685788155,3879.6492903232574,3438.825873374939,2824.3531769663095,1962.2249768972397,560.3465076610446,531.4632559791207,484.9441357553005,415.6589158475399,320.711472325027,90.52310398593545,87.37261195853353,82.8138400092721,74.50983604416251,65.03159196674824
