,Tc=128 Tg=128 cache_length=0,Tc=128 Tg=128 cache_length=32,Tc=128 Tg=128 cache_length=64,Tc=128 Tg=128 cache_length=96,Tc=128 Tg=128 cache_length=128
runtime_mean(ms),1759.2084655761719,1510.3531646728516,1200.7287139892578,779.4928665161133,361.3912353515625
runtime_std(ms),1.0958874640036906,3.0868953705701143,2.793287219675763,0.9641774061145625,0.2852696306033914
mem_mean(MB),512.1351,511.140884,511.64358,511.628996,511.371668
mem_std(MB),89.66194776670683,89.6800908143532,89.66194776670683,89.66611455679048,89.65714466585847
