,Tc=512 Tg=512 cache_length=0,Tc=512 Tg=512 cache_length=128.0,Tc=512 Tg=512 cache_length=256.0,Tc=512 Tg=512 cache_length=384.0,Tc=512 Tg=512 cache_length=512,Tc=256 Tg=256 cache_length=0,Tc=256 Tg=256 cache_length=64.0,Tc=256 Tg=256 cache_length=128.0,Tc=256 Tg=256 cache_length=192.0,Tc=256 Tg=256 cache_length=256,Tc=128 Tg=128 cache_length=0,Tc=128 Tg=128 cache_length=32.0,Tc=128 Tg=128 cache_length=64.0,Tc=128 Tg=128 cache_length=96.0,Tc=128 Tg=128 cache_length=128
runtime_mean(ms),8912.166137695312,7979.286437988281,6648.026306152344,5058.3035888671875,3121.7357177734375,1951.6097106933594,1735.7397766113281,1452.910629272461,1111.8214569091797,703.2352905273438,498.3482856750488,453.7814292907715,392.2403259277344,318.785701751709,231.92194938659668
runtime_std(ms),25.434024458249556,5.954764442965229,7.812696501883246,2.6176284959390026,0.7979781611843507,1.2905469088996315,1.8341224095923978,2.714575399842693,1.1797658943779137,0.538555292780915,1.0359726278802621,1.3472864202828994,0.6463946180398378,0.6265656457122348,0.6878483857312581
mem_mean(MB),905.709287,1710.82423,2516.012337,3320.939289,4125.843415,478.032358,779.620822,1080.96614,1382.433074,1684.252908,308.792552,435.117744,561.322476,687.439644,813.27534
mem_std(MB),174.50643922306597,174.5289785521539,174.480829970299,174.51432680064187,174.48469561364905,65.40607497183137,65.45964844105507,65.4692930191201,65.5018737528136,65.53593505224602,27.353632098126933,27.615427247265686,27.639342513745003,27.5514825994296,27.55826975072535
t1_mean(s),4572.888945698738,3918.3592603206635,3043.6148921251297,2063.1495786756277,944.8857678025961,1170.5364393293858,996.6990322768688,770.7066948637366,513.7986641377211,209.7783878967166,299.3493800908327,261.32577984035015,208.504076205194,146.7172921821475,73.0886559933424
t2_mean(s),1749.3832275271416,1591.5617291927338,1334.365866586566,994.9970243498683,542.9486563876271,278.87677605450153,251.27720407024026,216.96433985605836,166.04863599315286,105.59129192307591,52.14102798514068,46.93145597912371,41.12655205652118,33.19886803254485,25.07946401834488
t3_mean(s),2204.416233047843,2090.1083206683397,1896.1995318979025,1629.413399964571,1262.755743458867,313.6674201115966,300.6093040443957,279.738683976233,248.97634018212557,206.9391601383686,53.876287972554564,52.69040400907397,51.00549201108515,47.858939968049526,43.64622397534549
