,Tc=128 Tg=128 cache_length=0,Tc=128 Tg=128 cache_length=32.0,Tc=128 Tg=128 cache_length=64.0,Tc=128 Tg=128 cache_length=96.0,Tc=128 Tg=128 cache_length=128,Tc=256 Tg=256 cache_length=0,Tc=256 Tg=256 cache_length=64.0,Tc=256 Tg=256 cache_length=128.0,Tc=256 Tg=256 cache_length=192.0,Tc=256 Tg=256 cache_length=256,Tc=512 Tg=512 cache_length=0,Tc=512 Tg=512 cache_length=128.0,Tc=512 Tg=512 cache_length=256.0,Tc=512 Tg=512 cache_length=384.0,Tc=512 Tg=512 cache_length=512
runtime_mean(ms),249.54124641418457,239.75987243652344,222.46323013305664,200.5463047027588,172.7103977203369,1130.5629425048828,1059.2838287353516,965.7079010009766,846.943489074707,707.7553863525391,6382.619140625,6033.8343505859375,5556.280822753906,4951.846252441406,4232.0323486328125
runtime_std(ms),0.36484044578795366,0.27444484031560556,0.41307595076548065,0.7601003739864053,0.34874791827819335,0.5367864086419221,0.5256989486832166,0.638587471250854,0.9195571019472735,0.3040792062384257,4.816877987074826,1.6998902451974451,1.8228521425317186,2.555940623291389,0.5855734520721725
mem_mean(MB),223.762992,324.213336,424.728424,525.308056,625.988672,374.756016,677.008644,979.023736,1280.846796,1584.078728,853.439754,1858.358354,2863.187658,3868.05209,4872.990386
mem_std(MB),21.94494941621256,21.703899665235095,21.7596080992812,21.880114607142623,21.938702341613553,65.53007081880087,65.5595897406291,65.54075042468989,65.58396191539356,65.59505107858841,218.33456527474885,218.43716103752803,218.36112714264732,218.37184222061617,218.52861470900703
