,Tc=512 Tg=512 cache_length=0,Tc=512 Tg=512 cache_length=128.0,Tc=512 Tg=512 cache_length=256.0,Tc=512 Tg=512 cache_length=384.0,Tc=512 Tg=512 cache_length=512,Tc=256 Tg=256 cache_length=0,Tc=256 Tg=256 cache_length=64.0,Tc=256 Tg=256 cache_length=128.0,Tc=256 Tg=256 cache_length=192.0,Tc=256 Tg=256 cache_length=256,Tc=128 Tg=128 cache_length=0,Tc=128 Tg=128 cache_length=32.0,Tc=128 Tg=128 cache_length=64.0,Tc=128 Tg=128 cache_length=96.0,Tc=128 Tg=128 cache_length=128
runtime_mean(ms),3450.7323608398438,3169.8321228027344,2792.8011779785156,2314.7755737304688,1706.4998474121094,793.2058563232422,741.4933395385742,670.1120376586914,577.1789474487305,465.4147186279297,230.47378540039062,227.49700164794922,220.02654647827148,207.83136367797852,191.1501407623291
runtime_std(ms),5.475007890547005,1.939381416345454,2.547092021686984,2.502502442894876,2.0663833109857,0.9248001516194674,0.9464097307453868,0.41593450097532875,0.9272915267246935,0.38711540032710395,0.2929817429284016,0.37318574209661004,0.6076620173710693,0.40895192844758677,1.5160309697030747
mem_mean(MB),437.235926,789.397846,1141.585502,1493.76093,1845.938019,254.921354,380.734102,506.526086,632.201168,757.981094,186.267884,236.514132,286.750416,336.833544,387.00666
mem_std(MB),76.35292701956783,76.34100257243907,76.336813483175,76.34427401597013,76.39896266688729,27.323422137906444,27.34089290135953,27.281202815842487,27.370311207684576,27.280228378428728,10.950934959772521,11.16832901076898,11.06669191668766,10.802606623890735,10.822947033483256
t1_mean(s),1324.2986516058445,1172.874012336135,988.5352317467332,775.6462636068463,517.193488150835,352.0709921717644,319.68163587898016,274.8062722980976,218.29708410799503,153.98939987272024,97.17367985099554,94.28976798057556,87.8195639103651,79.0380241125822,67.2987560480833
t2_mean(s),705.0560476109385,642.0069800652564,551.1402202658355,426.78183571249247,264.30793211981654,118.08260795660317,107.98823996260762,95.87380009330809,77.22427202388644,55.73700807057321,24.15499601326883,24.031648037955165,23.52034397609532,21.97044401615858,19.99428000114858
t3_mean(s),1113.4888445660472,1050.718719534576,950.6930836066604,812.7467407658696,628.7190843969584,169.49505600705743,161.5905560106039,149.42779991030693,132.86714002862573,108.8602119795978,33.25293597206473,33.52584399841726,33.32535199634731,31.83146800287068,29.457400014624
