,Tc=128 Tg=128 cache_length=0,Tc=128 Tg=128 cache_length=32.0,Tc=128 Tg=128 cache_length=64.0,Tc=128 Tg=128 cache_length=96.0,Tc=128 Tg=128 cache_length=128,Tc=256 Tg=256 cache_length=0,Tc=256 Tg=256 cache_length=64.0,Tc=256 Tg=256 cache_length=128.0,Tc=256 Tg=256 cache_length=192.0,Tc=256 Tg=256 cache_length=256,Tc=512 Tg=512 cache_length=0,Tc=512 Tg=512 cache_length=128.0,Tc=512 Tg=512 cache_length=256.0,Tc=512 Tg=512 cache_length=384.0,Tc=512 Tg=512 cache_length=512
runtime_mean(ms),566.6060657501221,487.0295066833496,478.73702239990234,469.5324077606201,452.5739517211914,1377.3643493652344,1319.2435150146484,1243.765739440918,1142.803726196289,1019.9564666748047,6652.8985595703125,6330.2728271484375,5863.148254394531,5295.8330078125,4609.1513671875
runtime_std(ms),843.5390545325164,603.6719230269634,618.7938643755406,638.2223239987145,650.2725417769936,610.7266512364887,626.7832327712428,650.4071004390937,668.4301639209804,683.7827354030311,644.7443129117346,663.236878964093,686.3887840145461,721.9558066575577,747.5167714592554
mem_mean(MB),223.762992,324.359848,424.837424,525.437696,626.192864,374.180044,676.018112,978.7905,1280.54834,1582.349768,854.023894,1859.522636,2863.749572,3869.260898,4873.493602
mem_std(MB),21.94494941621256,21.727640892854243,21.82613334468641,21.89493026304382,21.957857046064948,65.553249608845,65.51542447648553,65.64223884045967,65.55207459299527,65.55155561015052,218.34155394591687,218.39394260227343,218.37617450760155,218.40034175135077,218.3458115560152
